Workbook

Sheet Sheet1
A1: Player 1 | E1: Player 2
A2: Bryce Harper | B2: =_xlfn.XLOOKUP(A2,Players!A:A,Players!Y:Y) -> =DISPIMG("ID_DECD888BA5124B88B037B33E794EAF36",1) | E2: Alex Bregman | F2: =_xlfn.XLOOKUP(E2,Players!A:A,Players!Y:Y) -> =DISPIMG("ID_D9C2D46F5E7E42E59CBC5702C8830C74",1)
A4: Postion | B4: =_xlfn.XLOOKUP(A2,Players!A:A,Players!B:B) -> 1B | E4: Postion | F4: =_xlfn.XLOOKUP(E2,Players!A:A,Players!B:B) -> 3B/SS
A5: Bat Handess | B5: =_xlfn.XLOOKUP(A2,Players!A:A,Players!D:D) -> Left | E5: Bat Handess | F5: =_xlfn.XLOOKUP(E2,Players!A:A,Players!D:D) -> Right
A6: Games Played % | B6: =_xlfn.XLOOKUP(A2,Players!A:A,Players!F:F) -> 0.81481481 | E6: Games Played % | F6: =_xlfn.XLOOKUP(E2,Players!A:A,Players!F:F) -> 0.7037037
A7: Doubles | B7: =_xlfn.XLOOKUP(A2,Players!A:A,Players!I:I) -> 32 | E7: Doubles | F7: =_xlfn.XLOOKUP(E2,Players!A:A,Players!I:I) -> 28
A8: Home Runs | B8: =_xlfn.XLOOKUP(A2,Players!A:A,Players!K:K) -> 27 | E8: Home Runs | F8: =_xlfn.XLOOKUP(E2,Players!A:A,Players!K:K) -> 18
A9: RBI's | B9: =_xlfn.XLOOKUP(A2,Players!A:A,Players!L:L) -> 75 | E9: RBI's | F9: =_xlfn.XLOOKUP(E2,Players!A:A,Players!L:L) -> 62
A10: Walk Rate | B10: =_xlfn.XLOOKUP(A2,Players!A:A,Players!N:N) -> 0.12068966 | E10: Walk Rate | F10: =_xlfn.XLOOKUP(E2,Players!A:A,Players!N:N) -> 0.1030303
A11: K Rate | B11: =_xlfn.XLOOKUP(A2,Players!A:A,Players!O:O) -> 0.20862069 | E11: K Rate | F11: =_xlfn.XLOOKUP(E2,Players!A:A,Players!O:O) -> 0.14141414
A12: Avg | B12: =_xlfn.XLOOKUP(A2,Players!A:A,Players!P:P) -> 0.261 | E12: Avg | F12: =_xlfn.XLOOKUP(E2,Players!A:A,Players!P:P) -> 0.273
A13: OPS | B13: =_xlfn.XLOOKUP(A2,Players!A:A,Players!Q:Q) -> 0.844 | E13: OPS | F13: =_xlfn.XLOOKUP(E2,Players!A:A,Players!Q:Q) -> 0.821
A14: OPS+ | B14: =_xlfn.XLOOKUP(A2,Players!A:A,Players!R:R) -> 129 | E14: OPS+ | F14: =_xlfn.XLOOKUP(E2,Players!A:A,Players!R:R) -> 128
A15: OPS Vs RHP | B15: =_xlfn.XLOOKUP(A2,Players!A:A,Players!T:T) -> 0.864 | E15: OPS Vs RHP | F15: =_xlfn.XLOOKUP(E2,Players!A:A,Players!T:T) -> 0.809
A16: OPS Vs LHP | B16: =_xlfn.XLOOKUP(A2,Players!A:A,Players!V:V) -> 0.815 | E16: OPS Vs LHP | F16: =_xlfn.XLOOKUP(E2,Players!A:A,Players!V:V) -> 0.855

Sheet Players
A1: Name | B1: Postion | D1: Bat Handness | E1: Games Played | F1: Games played % | G1: PA | H1: K's | I1: 2B | J1: 3B | K1: HR | L1: RBI | M1: BB | N1: Walk Rate % | O1: K Rate % | P1: AVG | Q1: OPS | R1: OPS+ | T1: OPS Vs RHP | U1: OPS+ Vs RHP | V1: OPS Vs LHP | W1: OPS+ Vs LHP
A2: Alex Bregman | B2: 3B/SS | D2: Right | E2: 114 | F2: =SUM(E2/162) -> 0.7037037 | G2: 495 | H2: 70 | I2: 28 | J2: 0 | K2: 18 | L2: 62 | M2: 51 | N2: =SUM(M2/G2) -> 0.1030303 | O2: =SUM(H2/G2) -> 0.14141414 | P2: 0.273 | Q2: 0.821 | R2: 128 | T2: 0.809 | U2: 122 | V2: 0.855 | W2: 146 | Y2: =_xlfn.DISPIMG("ID_D9C2D46F5E7E42E59CBC5702C8830C74",1) -> =DISPIMG("ID_D9C2D46F5E7E42E59CBC5702C8830C74",1)
A3: Bryce Harper | B3: 1B | D3: Left | E3: 132 | F3: =SUM(E3/162) -> 0.81481481 | G3: 580 | H3: 121 | I3: 32 | J3: 0 | K3: 27 | L3: 75 | M3: 70 | N3: =SUM(M3/G3) -> 0.12068966 | O3: =SUM(H3/G3) -> 0.20862069 | P3: 0.261 | Q3: 0.844 | R3: 129 | T3: 0.864 | U3: 138 | V3: 0.815 | W3: 130 | Y3: =_xlfn.DISPIMG("ID_DECD888BA5124B88B037B33E794EAF36",1) -> =DISPIMG("ID_DECD888BA5124B88B037B33E794EAF36",1)
A4: Cody Bellinger | B4: OF | D4: Left | E4: 152 | F4: =SUM(E4/162) -> 0.9382716 | G4: 656 | H4: 90 | I4: 25 | J4: 5 | K4: 29 | L4: 98 | M4: 57 | N4: =SUM(M4/G4) -> 0.086890244 | O4: =SUM(H4/G4) -> 0.13719512 | P4: 0.272 | Q4: 0.813 | R4: 125 | T4: 0.741 | U4: 103 | V4: 1.016 | W4: 186 | Y4: =_xlfn.DISPIMG("ID_5C2B2E9F709E40108AE7C5D22A32BA9B",1) -> =DISPIMG("ID_5C2B2E9F709E40108AE7C5D22A32BA9B",1)
A5: Kyle Schwarber | B5: DH | D5: Left | E5: 162 | F5: =SUM(E5/162) -> 1 | G5: 724 | H5: 197 | I5: 23 | J5: 2 | K5: 56 | L5: 156 | M5: 108 | N5: =SUM(M5/G5) -> 0.14917127 | O5: =SUM(H5/G5) -> 0.27209945 | P5: 0.24 | Q5: 0.928 | R5: 150 | T5: 0.904 | U5: 147 | V5: 0.964 | W5: 170 | Y5: =_xlfn.DISPIMG("ID_8332552889FE411882CA2FD8AFB508A4",1) -> =DISPIMG("ID_8332552889FE411882CA2FD8AFB508A4",1)
A6: Pete Alonso | B6: 1B | D6: Right | E6: 162 | F6: =SUM(E6/162) -> 1 | G6: 709 | H6: 162 | I6: 41 | J6: 1 | K6: 38 | L6: 126 | M6: 61 | N6: =SUM(M6/G6) -> 0.086036671 | O6: =SUM(H6/G6) -> 0.22849083 | P6: 0.272 | Q6: 0.871 | R6: 144 | T6: 0.929 | U6: 153 | V6: 0.729 | W6: 106 | Y6: =_xlfn.DISPIMG("ID_ACB246436EBE480FB464199CFD7E55AA",1) -> =DISPIMG("ID_ACB246436EBE480FB464199CFD7E55AA",1)
A7: JT Realmuto | B7: C | D7: Right | E7: 134 | F7: =SUM(E7/162) -> 0.82716049 | G7: 550 | H7: 129 | I7: 26 | J7: 1 | K7: 12 | L7: 52 | M7: 35 | N7: =SUM(M7/G7) -> 0.063636364 | O7: =SUM(H7/G7) -> 0.23454545 | P7: 0.257 | Q7: 0.7 | R7: 91 | T7: 0.743 | U7: 106 | V7: 0.601 | W7: 71 | Y7: =_xlfn.DISPIMG("ID_24A79901B59440349545E4D99C6F3E08",1) -> =DISPIMG("ID_24A79901B59440349545E4D99C6F3E08",1)
F8: =SUM(E8/162) -> 0 | N8: =SUM(M8/G8) -> #DIV/0! | O8: =SUM(H8/G8) -> #DIV/0!
